Time (%),Total Time (ns),Instances,Avg (ns),Med (ns),Min (ns),Max (ns),StdDev (ns),Name
79.8,14198407375,97620,145445.7,107872.0,60063,2791471,118203.8,"void cutlass::device_kernel<cutlass::gemm::kernel::GemmUniversal<cutlass::gemm::GroupProblemShape<cute::tuple<long, long, long>>, cutlass::gemm::collective::CollectiveMma<cutlass::gemm::MainloopSm90ArrayTmaGmmaWarpSpecialized<(int)12, cute::tuple<cute::C<(int)1>, cute::C<(int)1>, cute::C<(int)1>>, cutlass::gemm::KernelPtrArrayTmaWarpSpecializedCooperative>, cute::tuple<cute::C<(int)128>, cute::C<(int)16>, cute::C<(int)64>>, cutlass::bfloat16_t, cute::tuple<long, cute::C<(int)1>, cute::C<(int)0>> *, cutlass::bfloat16_t, cute::tuple<long, cute::C<(int)1>, cute::C<(int)0>> *, cute::TiledMMA<cute::MMA_Atom<cute::SM90::GMMA::MMA_64x16x16_F32BF16BF16_SS<(cute::SM90::GMMA::Major)0, (cute::SM90::GMMA::Major)0, (cute::SM90::GMMA::ScaleIn)1, (cute::SM90::GMMA::ScaleIn)1>>, cute::Layout<cute::tuple<cute::C<(int)2>, cute::C<(int)1>, cute::C<(int)1>>, cute::tuple<cute::C<(int)1>, cute::C<(int)0>, cute::C<(int)0>>>, cute::tuple<cute::Underscore, cute::Underscore, cute::Underscore>>, cute::SM90_TMA_LOAD, cute::ComposedLayout<cute::Swizzle<(int)3, (int)4, (int)3>, cute::smem_ptr_flag_bits<(int)16>, cute::Layout<cute::tuple<cute::C<(int)8>, cute::C<(int)64>>, cute::tuple<cute::C<(int)64>, cute::C<(int)1>>>>, void, cute::identity, cute::SM90_TMA_LOAD, cute::ComposedLayout<cute::Swizzle<(int)3, (int)4, (int)3>, cute::smem_ptr_flag_bits<(int)16>, cute::Layout<cute::tuple<cute::C<(int)8>, cute::C<(int)64>>, cute::tuple<cute::C<(int)64>, cute::C<(int)1>>>>, void, cute::identity>, cutlass::epilogue::collective::CollectiveEpilogue<cutlass::epilogue::Sm90PtrArrayTmaWarpSpecialized<(int)1, (int)1, (int)8, (bool)0, (bool)0, (int)2>, cute::tuple<cute::C<(int)128>, cute::C<(int)16>, cute::C<(int)64>>, cute::tuple<cute::C<(int)128>, cute::C<(int)16>>, void, cute::tuple<long, cute::C<(int)1>, cute::C<(int)0>> *, cutlass::bfloat16_t, cute::tuple<long, cute::C<(int)1>, cute::C<(int)0>> *, cutlass::epilogue::fusion::FusionCallbacks<cutlass::epilogue::Sm90PtrArrayTmaWarpSpecialized<(int)1, (int)1, (int)8, (bool)0, (bool)0, (int)2>, cutlass::epilogue::fusion::LinearCombination<cutlass::bfloat16_t, float, void, float, (cutlass::FloatRoundStyle)2>, cute::tuple<cute::C<(int)128>, cute::C<(int)16>, cute::C<(int)64>>, cute::tuple<cute::C<(int)128>, cute::C<(int)16>>, >, cute::SM90_TMA_LOAD, cute::ComposedLayout<cute::Swizzle<(int)1, (int)4, (int)3>, cute::smem_ptr_flag_bits<(int)16>, cute::Layout<cute::tuple<cute::C<(int)8>, cute::C<(int)16>>, cute::tuple<cute::C<(int)16>, cute::C<(int)1>>>>, cute::SM75_U32x4_LDSM_N, cute::SM90_TMA_STORE, cute::ComposedLayout<cute::Swizzle<(int)1, (int)4, (int)3>, cute::smem_ptr_flag_bits<(int)16>, cute::Layout<cute::tuple<cute::C<(int)8>, cute::C<(int)16>>, cute::tuple<cute::C<(int)16>, cute::C<(int)1>>>>, cute::SM90_U32x4_STSM_N, cute::Copy_Atom<cute::SM90_U32x4_STSM_N, cutlass::half_t>, void>, void, void>>(T1::Params)"
2.1,379006854,48523,7810.9,7776.0,7296,9344,225.8,nvjet_sm90_tst_64x8_64x16_4x1_v_bz_TNT
2.0,356716229,48523,7351.5,7327.0,6687,8895,217.7,nvjet_sm90_tst_64x8_64x16_4x1_v_bz_splitK_TNT
1.6,292232323,23947,12203.3,12319.0,10880,14271,604.1,"void cutlass::device_kernel<flash::enable_sm90_or_later<flash::FlashAttnFwdSm90<flash::CollectiveMainloopFwdSm90<(int)2, cute::tuple<cute::C<(int)1>, cute::C<(int)1>, cute::C<(int)1>>, cute::tuple<cute::C<(int)64>, cute::C<(int)128>, cute::C<(int)128>>, (int)128, cutlass::bfloat16_t, float, cutlass::arch::Sm90, (bool)1, (bool)0, (bool)0, (bool)1, (bool)1, (bool)0, (bool)0, (bool)1, (bool)1, (bool)1, (bool)1, (bool)0, cutlass::bfloat16_t, (int)1>, flash::CollectiveEpilogueFwd<cute::tuple<cute::C<(int)64>, cute::C<(int)128>, cute::C<(int)128>>, cute::tuple<cute::C<(int)1>, cute::C<(int)1>, cute::C<(int)1>>, cutlass::bfloat16_t, cutlass::arch::Sm90, (int)128, (bool)1, (bool)1, (bool)1, (bool)0, (int)1>, flash::VarlenDynamicPersistentTileScheduler<(int)64, (int)128, (int)128, (int)128, (bool)1, (bool)1, (bool)1, (bool)1, (bool)0, (bool)1>>>>(T1::Params)"
1.5,264481422,48810,5418.6,4800.0,3873,130753,5157.8,"void tensorrt_llm::kernels::cutlass_kernels::finalizeMoeRoutingKernel<__nv_bfloat16, __nv_bfloat16, __nv_bfloat16, (tensorrt_llm::kernels::cutlass_kernels::ScaleMode)1>(const T2 *, T1 *, const T3 *, const float *, const int *, const int *, long, long, long, int, int)"
1.3,233523631,24576,9502.1,9376.0,6816,11200,777.5,"void cutlass::device_kernel<flash::enable_sm90_or_later<flash::FlashAttnFwdSm90<flash::CollectiveMainloopFwdSm90<(int)2, cute::tuple<cute::C<(int)1>, cute::C<(int)1>, cute::C<(int)1>>, cute::tuple<cute::C<(int)64>, cute::C<(int)128>, cute::C<(int)128>>, (int)128, cutlass::bfloat16_t, float, cutlass::arch::Sm90, (bool)1, (bool)0, (bool)0, (bool)1, (bool)1, (bool)0, (bool)0, (bool)1, (bool)1, (bool)1, (bool)0, (bool)0, cutlass::bfloat16_t, (int)1>, flash::CollectiveEpilogueFwd<cute::tuple<cute::C<(int)64>, cute::C<(int)128>, cute::C<(int)128>>, cute::tuple<cute::C<(int)1>, cute::C<(int)1>, cute::C<(int)1>>, cutlass::bfloat16_t, cutlass::arch::Sm90, (int)128, (bool)1, (bool)1, (bool)0, (bool)0, (int)1>, flash::VarlenDynamicPersistentTileScheduler<(int)64, (int)128, (int)128, (int)128, (bool)0, (bool)1, (bool)1, (bool)1, (bool)0, (bool)1>>>>(T1::Params)"
1.2,218949033,97621,2242.8,2145.0,1792,34753,1227.0,"std::enable_if<T2>(int)0&&vllm::_typeConvert<T1>::exists, void>::type vllm::fused_add_rms_norm_kernel<c10::BFloat16, (int)8>(T1 *, long, T1 *, const T1 *, float, int, int)"
1.2,212970257,97622,2181.6,1920.0,1568,160705,4747.7,"void vllm::rms_norm_kernel<c10::BFloat16, (int)8, (int)3>(T1 *, const T1 *, long, long, long, long, long, const T1 *, float, int, int)"
1.1,194227486,48811,3979.2,3840.0,3647,11744,469.0,"void vllm::moe::topkGating<(int)8, (int)128, (int)4, (int)16, (int)32, int, __nv_bfloat16, (vllm::moe::ScoringFunc)0>(const T7 *, const bool *, float *, int, T6 *, int *, int, int, int, bool, const float *)"
0.9,155345866,48811,3182.6,2976.0,2560,86144,3370.7,"void vllm::rotary_embedding_kernel<c10::BFloat16, c10::BFloat16, (bool)1>(const long *, T1 *, T1 *, const T2 *, int, long, long, long, int, int, int, long, bool)"
0.8,150939659,1014,148855.7,148864.0,145889,158881,1573.7,nvjet_sm90_tst_384x8_64x4_2x1_v_bz_TNT
0.7,132602542,48571,2730.1,2720.0,2559,3423,49.4,"void tensorrt_llm::kernels::cutlass_kernels::fusedBuildExpertMapsSortFirstTokenKernel<(int)32, (int)8, (int)8>(const int *, int *, int *, long *, long, int, int, int, int)"
0.7,124577735,23899,5212.7,5216.0,4864,6048,99.3,nvjet_sm90_tst_8x64_64x16_4x1_v_bz_TNN
0.7,120809931,24624,4906.2,4896.0,4576,5856,105.8,nvjet_sm90_tst_64x8_64x16_2x1_v_bz_TNT
0.6,106837378,48763,2191.0,2112.0,960,42496,1602.9,"void vllm::reshape_and_cache_flash_kernel<__nv_bfloat16, __nv_bfloat16, (vllm::Fp8KVCacheDataType)0>(const T1 *, const T1 *, T2 *, T2 *, const long *, long, long, long, long, long, int, int, int, const float *, const float *, int)"
0.6,104348602,48811,2137.8,1824.0,1600,134721,5340.0,"void tensorrt_llm::kernels::cutlass_kernels::expandInputRowsKernel<__nv_bfloat16, __nv_bfloat16, (tensorrt_llm::kernels::cutlass_kernels::TmaWarpSpecializedGroupedGemmInput::FpXBlockScalingType)2, (bool)0>(const T1 *, T2 *, const float *, float *, const int *, long, long, long, const float *, bool, const long *, unsigned char *, const unsigned char *, bool, long, const T1 *)"
0.5,96820175,48811,1983.6,1952.0,1119,9119,193.7,"void tensorrt_llm::kernels::cutlass_kernels::computeStridesTmaWarpSpecializedKernel<__nv_bfloat16, __nv_bfloat16, __nv_bfloat16, __nv_bfloat16>(const long *, tensorrt_llm::kernels::cutlass_kernels::TmaWarpSpecializedGroupedGemmInput, tensorrt_llm::kernels::cutlass_kernels::TmaWarpSpecializedGroupedGemmInput, long, long, long, long, long, long, long, const T1 *, const T1 *, const T2 *, const T2 *, const float *, const float *, const unsigned char *, const unsigned char *, tensorrt_llm::kernels::cutlass_kernels::QuantParams, const T4 *, const T4 *, T3 *, T3 *, const float *, const int *)"
0.5,83714876,48810,1715.1,1407.0,1247,111103,4412.3,"void tensorrt_llm::kernels::cutlass_kernels::doActivationKernel<__nv_bfloat16, __nv_bfloat16, __nv_bfloat16, tensorrt_llm::kernels::cutlass_kernels::GLUAdaptor<cutlass::epilogue::thread::SiLu>, (tensorrt_llm::kernels::cutlass_kernels::TmaWarpSpecializedGroupedGemmInput::FpXBlockScalingType)2>(T1 *, const T2 *, const float *, const T3 *, bool, const long *, int, long, const float *, bool, unsigned char *, tensorrt_llm::kernels::cutlass_kernels::ActivationParams)"
0.5,81848981,48571,1685.1,1664.0,1536,2497,67.2,"void cublasLt::splitKreduce_kernel<(int)32, (int)16, int, float, __nv_bfloat16, float, __nv_bfloat16, (bool)0, float, __nv_bfloat16, __nv_bfloat16, (bool)1, (bool)0, (bool)0, (bool)0>(cublasLt::cublasSplitKParams<T6>, const T4 *, const T10 *, T9 *, T5 *, const T6 *, const T6 *, const T11 *, const T4 *, T11 *, void *, long, T6 *, int *, T6 *, T6 *, const T6 *, const T6 *, const T6 *, const T6 *, const T6 *)"
0.4,74643598,23947,3117.0,3104.0,2784,3808,92.8,"void cutlass::device_kernel<flash::FlashAttnFwdCombine<cute::tuple<cute::C<(int)8>, cute::C<(int)128>>, (int)5, (int)256, (int)1, (bool)0, (bool)1, cutlass::bfloat16_t, float, cutlass::arch::Sm90>>(T1::Params)"
0.3,49511191,48,1031483.1,1031349.5,1030309,1032869,530.8,"void at::native::index_elementwise_kernel<(int)128, (int)4, void at::native::flip_kernel_impl<at::native::OpaqueType<(int)2>>(at::TensorIterator &)::[lambda(int) (instance 1)]>(long, T3)"
0.1,19285280,48,401776.7,401730.0,401313,402978,367.1,"void at::native::vectorized_elementwise_kernel<(int)4, at::native::FillFunctor<signed char>, std::array<char *, (unsigned long)1>>(int, T2, T3)"
0.1,19092653,26293,726.1,736.0,639,1120,45.9,"void at::native::vectorized_elementwise_kernel<(int)4, at::native::FillFunctor<int>, std::array<char *, (unsigned long)1>>(int, T2, T3)"
0.1,12867773,192,67019.7,67376.5,23008,111041,32441.5,"void cutlass::device_kernel<flash::enable_sm90_or_later<flash::FlashAttnFwdSm90<flash::CollectiveMainloopFwdSm90<(int)2, cute::tuple<cute::C<(int)1>, cute::C<(int)1>, cute::C<(int)1>>, cute::tuple<cute::C<(int)128>, cute::C<(int)128>, cute::C<(int)128>>, (int)128, cutlass::bfloat16_t, float, cutlass::arch::Sm90, (bool)1, (bool)0, (bool)0, (bool)1, (bool)1, (bool)0, (bool)0, (bool)1, (bool)1, (bool)1, (bool)0, (bool)0, cutlass::bfloat16_t, (int)8>, flash::CollectiveEpilogueFwd<cute::tuple<cute::C<(int)128>, cute::C<(int)128>, cute::C<(int)128>>, cute::tuple<cute::C<(int)1>, cute::C<(int)1>, cute::C<(int)1>>, cutlass::bfloat16_t, cutlass::arch::Sm90, (int)256, (bool)1, (bool)1, (bool)0, (bool)0, (int)8>, flash::VarlenDynamicPersistentTileScheduler<(int)128, (int)128, (int)256, (int)128, (bool)0, (bool)1, (bool)1, (bool)1, (bool)0, (bool)1>>>>(T1::Params)"
0.1,9831343,48,204819.6,204609.0,202689,214080,1613.8,nvjet_sm90_tst_320x128_64x3_1x2_h_bz_coopB_TNT
0.0,8769093,1022,8580.3,8720.5,7488,15264,818.8,"void at::native::reduce_kernel<(int)512, (int)1, at::native::ReduceOp<float, at::native::ArgMaxOps<float>, unsigned int, long, (int)4, (int)4>>(T3)"
0.0,8121799,4,2030449.8,2028634.0,1944969,2119562,96447.7,_topk_topp_kernel
0.0,7482657,48,155888.7,155809.0,154657,161313,985.1,nvjet_sm90_tst_256x128_64x4_1x2_h_bz_coopA_TNT
0.0,7230115,48,150627.4,150560.5,148737,155009,857.7,nvjet_sm90_tst_256x144_64x4_2x1_v_bz_coopA_TNT
0.0,5841536,48,121698.7,121840.5,118625,125025,995.0,nvjet_sm90_tst_128x240_64x4_2x1_v_bz_coopA_TNT
0.0,5274235,48,109879.9,109808.5,108704,113313,650.5,nvjet_sm90_tst_256x160_64x4_1x2_h_bz_coopA_TNT
0.0,5004994,1018,4916.5,4784.5,3520,16416,1298.2,"void at::native::unrolled_elementwise_kernel<at::native::direct_copy_kernel_cuda(at::TensorIteratorBase &)::[lambda() (instance 3)]::operator ()() const::[lambda() (instance 7)]::operator ()() const::[lambda(float) (instance 1)], std::array<char *, (unsigned long)2>, (int)4, TrivialOffsetCalculator<(int)1, unsigned int>, TrivialOffsetCalculator<(int)1, unsigned int>, at::native::memory::LoadWithCast<(int)1>, at::native::memory::StoreWithCast<(int)1>>(int, T1, T2, T4, T5, T6, T7)"
0.0,4186934,48,87227.8,87169.0,86241,90145,544.4,nvjet_sm90_tst_128x256_64x4_2x1_v_bz_coopA_TNN
0.0,3817170,3046,1253.2,1248.0,1024,3584,142.3,"void at::native::unrolled_elementwise_kernel<at::native::direct_copy_kernel_cuda(at::TensorIteratorBase &)::[lambda() (instance 3)]::operator ()() const::[lambda() (instance 4)]::operator ()() const::[lambda(long) (instance 1)], std::array<char *, (unsigned long)2>, (int)4, TrivialOffsetCalculator<(int)1, unsigned int>, TrivialOffsetCalculator<(int)1, unsigned int>, at::native::memory::LoadWithCast<(int)1>, at::native::memory::StoreWithCast<(int)1>>(int, T1, T2, T4, T5, T6, T7)"
0.0,3551309,1011,3512.7,2400.0,1760,6336,1563.9,"void at::native::<unnamed>::indexSelectSmallIndex<c10::BFloat16, long, unsigned int, (int)2, (int)2, (int)-2>(at::cuda::detail::TensorInfo<T1, T3>, at::cuda::detail::TensorInfo<const T1, T3>, at::cuda::detail::TensorInfo<const T2, T3>, int, int, T3, long)"
0.0,3267537,48,68073.7,68080.5,67008,69056,548.7,nvjet_sm90_tst_256x128_64x4_2x1_v_bz_coopA_TNT
0.0,2547345,48,53069.7,53120.5,52001,53857,496.8,nvjet_sm90_tst_256x160_64x4_4x1_v_bz_coopA_TNT
0.0,2435656,1015,2399.7,2432.0,2175,3104,132.2,_compute_slot_mapping_kernel
0.0,2229835,192,11613.7,11071.0,6527,18272,4131.7,"void tensorrt_llm::kernels::cutlass_kernels::blockExpertPrefixSumKernel<(int)1024>(const int *, int *, int *, long, long, int)"
0.0,1957043,1016,1926.2,1920.0,1408,3712,148.8,"void at::native::index_elementwise_kernel<(int)128, (int)4, void at::native::gpu_index_kernel<void at::native::index_kernel_impl<at::native::OpaqueType<(int)4>>(at::TensorIteratorBase &, c10::ArrayRef<long>, c10::ArrayRef<long>)::[lambda(char *, const char *, long) (instance 1)]>(at::TensorIteratorBase &, c10::ArrayRef<long>, c10::ArrayRef<long>, const T1 &, bool)::[lambda(int) (instance 1)]>(long, T3)"
0.0,1941482,1017,1909.0,1856.0,1696,19135,680.5,"void vllm::rms_norm_kernel<c10::BFloat16, (int)8, (int)2>(T1 *, const T1 *, long, long, long, long, long, const T1 *, float, int, int)"
0.0,1641139,1015,1616.9,1568.0,1440,1984,146.4,"void flash::prepare_varlen_num_blocks_kernel<(int)1, (bool)0>(int, int, int, const int *, const int *, const int *, const int *, const int *, const int *, int, int, int, int, int, cutlass::FastDivmod, cutlass::FastDivmod, int *, int *, int *, int *, int *, bool, bool, bool, int)"
0.0,1556200,513,3033.5,3040.0,2912,3328,81.6,"void at::native::index_elementwise_kernel<(int)128, (int)4, void at::native::gpu_index_kernel<void at::native::index_kernel_impl<at::native::OpaqueType<(int)2>>(at::TensorIteratorBase &, c10::ArrayRef<long>, c10::ArrayRef<long>)::[lambda(char *, const char *, long) (instance 1)]>(at::TensorIteratorBase &, c10::ArrayRef<long>, c10::ArrayRef<long>, const T1 &, bool)::[lambda(int) (instance 1)]>(long, T3)"
0.0,1226089,48,25543.5,25536.0,25343,25824,115.3,nvjet_sm90_tst_128x272_64x4_4x1_v_bz_coopA_TNT
0.0,1195560,290,4122.6,768.0,608,21217,7482.3,"void at::native::vectorized_elementwise_kernel<(int)8, at::native::FillFunctor<c10::BFloat16>, std::array<char *, (unsigned long)1>>(int, T2, T3)"
0.0,1176841,1015,1159.4,1121.0,1088,1504,65.8,"void at::native::vectorized_elementwise_kernel<(int)4, at::native::CUDAFunctor_add<int>, std::array<char *, (unsigned long)3>>(int, T2, T3)"
0.0,1136805,1015,1120.0,1088.0,928,1568,121.2,"void at::native::vectorized_elementwise_kernel<(int)2, at::native::CUDAFunctor_add<long>, std::array<char *, (unsigned long)3>>(int, T2, T3)"
0.0,1120869,1022,1096.7,1057.0,896,1920,120.3,"void at::native::unrolled_elementwise_kernel<at::native::direct_copy_kernel_cuda(at::TensorIteratorBase &)::[lambda() (instance 3)]::operator ()() const::[lambda() (instance 3)]::operator ()() const::[lambda(int) (instance 1)], std::array<char *, (unsigned long)2>, (int)4, TrivialOffsetCalculator<(int)1, unsigned int>, TrivialOffsetCalculator<(int)1, unsigned int>, at::native::memory::LoadWithCast<(int)1>, at::native::memory::StoreWithCast<(int)1>>(int, T1, T2, T4, T5, T6, T7)"
0.0,998185,48,20795.5,20624.5,19552,23616,857.4,nvjet_sm90_tst_128x104_64x7_1x2_h_bz_TNT
0.0,853213,1015,840.6,832.0,799,1184,54.4,"void at::native::unrolled_elementwise_kernel<at::native::CUDAFunctorOnSelf_add<int>, std::array<char *, (unsigned long)2>, (int)4, TrivialOffsetCalculator<(int)1, unsigned int>, TrivialOffsetCalculator<(int)1, unsigned int>, at::native::memory::LoadWithoutCast, at::native::memory::StoreWithoutCast>(int, T1, T2, T4, T5, T6, T7)"
0.0,636418,509,1250.3,1184.0,1120,10688,578.6,"void at::native::vectorized_gather_kernel<(int)16, long>(char *, char *, T2 *, int, long, long, long, long, bool)"
0.0,609433,240,2539.3,2399.0,1183,3935,811.3,"tensorrt_llm::kernels::cutlass_kernels::mergeExpertPrefixSumKernel(const int *, const int *, const int *, int *, int *, int *, int)"
0.0,542597,48,11304.1,11264.5,10976,12352,294.8,nvjet_sm90_tst_64x128_64x8_2x1_v_bz_TNN
0.0,417771,48,8703.6,8640.5,8064,9984,342.9,nvjet_sm90_tst_64x32_64x16_4x1_v_bz_TNT
0.0,378110,48,7877.3,7872.0,7423,8416,195.2,nvjet_sm90_tst_64x88_64x11_2x1_v_bz_TNT
0.0,370646,48,7721.8,7647.0,7456,8992,288.5,nvjet_sm90_tst_64x32_64x16_4x1_v_bz_splitK_TNT
0.0,351397,515,682.3,672.0,640,960,33.7,"void at::native::unrolled_elementwise_kernel<at::native::FillFunctor<int>, std::array<char *, (unsigned long)1>, (int)4, TrivialOffsetCalculator<(int)0, unsigned int>, TrivialOffsetCalculator<(int)1, unsigned int>, at::native::memory::LoadWithoutCast, at::native::memory::StoreWithoutCast>(int, T1, T2, T4, T5, T6, T7)"
0.0,334786,48,6974.7,6944.0,6624,7488,156.6,nvjet_sm90_tst_64x80_64x11_2x4_h_bz_TNT
0.0,321250,48,6692.7,6720.0,6368,7072,153.0,nvjet_sm90_tst_64x48_64x15_2x4_h_bz_TNT
0.0,317314,2,158657.0,158657.0,155201,162113,4887.5,nvjet_sm90_tst_384x32_64x4_2x1_v_bz_TNT
0.0,268673,48,5597.4,5584.0,5504,6016,76.4,nvjet_sm90_tst_64x16_64x16_2x4_h_bz_TNT
0.0,263297,4,65824.3,65232.5,65024,67808,1326.7,"void at::native::<unnamed>::cunn_SoftMaxForward<(int)4, float, float, float, at::native::<unnamed>::SoftMaxForwardEpilogue>(T4 *, const T2 *, int)"
0.0,254558,48,5303.3,5280.0,5056,5952,135.2,nvjet_sm90_tst_64x8_64x16_2x4_h_bz_TNT
0.0,153025,206,742.8,768.0,672,1056,44.5,"void at::native::vectorized_elementwise_kernel<(int)4, at::native::FillFunctor<float>, std::array<char *, (unsigned long)1>>(int, T2, T3)"
0.0,149889,96,1561.3,1567.0,1375,2751,162.1,"void tensorrt_llm::kernels::cutlass_kernels::globalExpertPrefixSumKernel<(int)1024>(const int *, int *, long *, long, long)"
0.0,137070,96,1427.8,1440.0,1247,2144,147.9,"void tensorrt_llm::kernels::cutlass_kernels::globalExpertPrefixSumKernel<(int)512>(const int *, int *, long *, long, long)"
0.0,123956,48,2582.4,2559.0,2527,2784,56.8,"void tensorrt_llm::kernels::cutlass_kernels::blockExpertPrefixSumKernel<(int)512>(const int *, int *, int *, long, long, int)"
0.0,75009,1,75009.0,75009.0,75009,75009,0.0,"void at::native::vectorized_elementwise_kernel<(int)4, at::native::cos_kernel_cuda(at::TensorIteratorBase &)::[lambda() (instance 2)]::operator ()() const::[lambda() (instance 2)]::operator ()() const::[lambda(float) (instance 1)], std::array<char *, (unsigned long)2>>(int, T2, T3)"
0.0,72480,1,72480.0,72480.0,72480,72480,0.0,"void at::native::vectorized_elementwise_kernel<(int)4, at::native::sin_kernel_cuda(at::TensorIteratorBase &)::[lambda() (instance 2)]::operator ()() const::[lambda() (instance 2)]::operator ()() const::[lambda(float) (instance 1)], std::array<char *, (unsigned long)2>>(int, T2, T3)"
0.0,68256,1,68256.0,68256.0,68256,68256,0.0,"void at::native::<unnamed>::CatArrayBatchedCopy_vectorized<at::native::<unnamed>::OpaqueType<(unsigned int)4>, unsigned int, (int)2, (int)128, (int)1, (int)16, (int)4>(char *, at::native::<unnamed>::CatArrInputTensorMetadata<T1, T2, T4, T5>, at::native::<unnamed>::TensorSizeStride<T2, (unsigned int)4>, int, T2)"
0.0,59905,48,1248.0,1248.0,1216,1408,43.8,"void tensorrt_llm::kernels::cutlass_kernels::globalExpertPrefixSumKernel<(int)256>(const int *, int *, long *, long, long)"
0.0,53857,6,8976.2,11952.5,2912,12031,4648.0,"void at::native::<unnamed>::distribution_elementwise_grid_stride_kernel<float, (int)4, void at::native::templates::cuda::uniform_and_transform<float, float, at::CUDAGeneratorImpl *, void at::native::templates::cuda::exponential_kernel<at::CUDAGeneratorImpl *>(at::TensorIteratorBase &, double, T1)::[lambda() (instance 1)]::operator ()() const::[lambda() (instance 2)]::operator ()() const::[lambda(float) (instance 1)]>(at::TensorIteratorBase &, T3, T4)::[lambda(curandStatePhilox4_32_10 *) (instance 2)], void at::native::<unnamed>::distribution_nullary_kernel<float, float, float4, at::CUDAGeneratorImpl *, void at::native::templates::cuda::uniform_and_transform<float, float, at::CUDAGeneratorImpl *, void at::native::templates::cuda::exponential_kernel<at::CUDAGeneratorImpl *>(at::TensorIteratorBase &, double, T1)::[lambda() (instance 1)]::operator ()() const::[lambda() (instance 2)]::operator ()() const::[lambda(float) (instance 1)]>(at::TensorIteratorBase &, T3, T4)::[lambda(curandStatePhilox4_32_10 *) (instance 2)], void at::native::templates::cuda::exponential_kernel<at::CUDAGeneratorImpl *>(at::TensorIteratorBase &, double, T1)::[lambda() (instance 1)]::operator ()() const::[lambda() (instance 2)]::operator ()() const::[lambda(float) (instance 1)]>(at::TensorIteratorBase &, T4, const T5 &, T6)::[lambda(int, float) (instance 1)]>(long, at::PhiloxCudaState, T3, T4)"
0.0,53601,4,13400.3,13392.0,13344,13473,55.1,"void at::native::elementwise_kernel<(int)128, (int)2, void at::native::gpu_kernel_impl_nocast<at::native::BinaryFunctor<float, float, float, at::native::binary_internal::DivFunctor<float>>>(at::TensorIteratorBase &, const T1 &)::[lambda(int) (instance 1)]>(int, T3)"
0.0,50624,4,12656.0,12464.0,12416,13280,416.8,"void at::native::vectorized_elementwise_kernel<(int)4, at::native::BinaryFunctor<float, float, float, at::native::binary_internal::DivFunctor<float>>, std::array<char *, (unsigned long)3>>(int, T2, T3)"
0.0,48288,1,48288.0,48288.0,48288,48288,0.0,"void at::native::vectorized_elementwise_kernel<(int)8, at::native::bfloat16_copy_kernel_cuda(at::TensorIteratorBase &)::[lambda(float) (instance 1)], std::array<char *, (unsigned long)2>>(int, T2, T3)"
0.0,41056,1,41056.0,41056.0,41056,41056,0.0,"void at::native::elementwise_kernel<(int)128, (int)2, void at::native::gpu_kernel_impl_nocast<at::native::BinaryFunctor<float, float, float, at::native::binary_internal::MulFunctor<float>>>(at::TensorIteratorBase &, const T1 &)::[lambda(int) (instance 1)]>(int, T3)"
0.0,8768,8,1096.0,1088.0,992,1248,86.8,"void at::native::vectorized_elementwise_kernel<(int)4, void at::native::compare_scalar_kernel<float>(at::TensorIteratorBase &, at::native::<unnamed>::OpType, T1)::[lambda(float) (instance 1)], std::array<char *, (unsigned long)2>>(int, T2, T3)"
0.0,6976,9,775.1,768.0,704,960,74.7,"void at::native::vectorized_elementwise_kernel<(int)2, at::native::FillFunctor<long>, std::array<char *, (unsigned long)1>>(int, T2, T3)"
0.0,5120,4,1280.0,1280.0,1248,1312,26.1,"void at::native::vectorized_elementwise_kernel<(int)2, at::native::<unnamed>::where_kernel_impl(at::TensorIterator &)::[lambda() (instance 1)]::operator ()() const::[lambda() (instance 8)]::operator ()() const::[lambda(bool, long, long) (instance 1)], std::array<char *, (unsigned long)4>>(int, T2, T3)"
0.0,4256,2,2128.0,2128.0,832,3424,1832.8,"void <unnamed>::elementwise_kernel_with_index<int, at::native::arange_cuda_out(const c10::Scalar &, const c10::Scalar &, const c10::Scalar &, at::Tensor &)::[lambda() (instance 1)]::operator ()() const::[lambda() (instance 7)]::operator ()() const::[lambda(long) (instance 1)]>(T1, T2, function_traits<T2>::result_type *)"
0.0,4193,4,1048.3,1056.0,993,1088,39.8,"void at::native::elementwise_kernel<(int)128, (int)2, void at::native::gpu_kernel_impl_nocast<at::native::<unnamed>::where_kernel_impl(at::TensorIterator &)::[lambda() (instance 1)]::operator ()() const::[lambda() (instance 11)]::operator ()() const::[lambda(bool, float, float) (instance 1)]>(at::TensorIteratorBase &, const T1 &)::[lambda(int) (instance 1)]>(int, T3)"
0.0,3776,2,1888.0,1888.0,1888,1888,0.0,"void at::native::<unnamed>::distribution_elementwise_grid_stride_kernel<float, (int)4, void at::native::templates::cuda::uniform_and_transform<c10::BFloat16, float, at::CUDAGeneratorImpl *, void at::native::templates::cuda::uniform_kernel<at::CUDAGeneratorImpl *>(at::TensorIteratorBase &, double, double, T1)::[lambda() (instance 1)]::operator ()() const::[lambda() (instance 4)]::operator ()() const::[lambda(float) (instance 1)]>(at::TensorIteratorBase &, T3, T4)::[lambda(curandStatePhilox4_32_10 *) (instance 2)], void at::native::<unnamed>::distribution_nullary_kernel<c10::BFloat16, float, float4, at::CUDAGeneratorImpl *, void at::native::templates::cuda::uniform_and_transform<c10::BFloat16, float, at::CUDAGeneratorImpl *, void at::native::templates::cuda::uniform_kernel<at::CUDAGeneratorImpl *>(at::TensorIteratorBase &, double, double, T1)::[lambda() (instance 1)]::operator ()() const::[lambda() (instance 4)]::operator ()() const::[lambda(float) (instance 1)]>(at::TensorIteratorBase &, T3, T4)::[lambda(curandStatePhilox4_32_10 *) (instance 2)], void at::native::templates::cuda::uniform_kernel<at::CUDAGeneratorImpl *>(at::TensorIteratorBase &, double, double, T1)::[lambda() (instance 1)]::operator ()() const::[lambda() (instance 4)]::operator ()() const::[lambda(float) (instance 1)]>(at::TensorIteratorBase &, T4, const T5 &, T6)::[lambda(int, float) (instance 1)]>(long, at::PhiloxCudaState, T3, T4)"
0.0,2176,1,2176.0,2176.0,2176,2176,0.0,"void at::native::elementwise_kernel<(int)128, (int)4, void at::native::gpu_kernel_impl<at::native::<unnamed>::pow_tensor_tensor_kernel(at::TensorIteratorBase &)::[lambda() (instance 1)]::operator ()() const::[lambda() (instance 7)]::operator ()() const::[lambda(float, float) (instance 1)]>(at::TensorIteratorBase &, const T1 &)::[lambda(int) (instance 1)]>(int, T3)"
0.0,1664,2,832.0,832.0,800,864,45.3,"void at::native::vectorized_elementwise_kernel<(int)4, at::native::FillFunctor<bool>, std::array<char *, (unsigned long)1>>(int, T2, T3)"
0.0,1472,1,1472.0,1472.0,1472,1472,0.0,"void at::native::_scatter_gather_elementwise_kernel<(int)128, (int)8, void at::native::_cuda_scatter_gather_internal_kernel<(bool)1, at::native::OpaqueType<(int)4>, long>::operator ()<at::native::TensorAssign>(at::TensorIterator &, long, long, long, const T1 &)::[lambda(int) (instance 1)]>(int, T3)"
0.0,1120,1,1120.0,1120.0,1120,1120,0.0,"void at::native::vectorized_elementwise_kernel<(int)4, at::native::reciprocal_kernel_cuda(at::TensorIteratorBase &)::[lambda() (instance 1)]::operator ()() const::[lambda() (instance 2)]::operator ()() const::[lambda(float) (instance 1)], std::array<char *, (unsigned long)2>>(int, T2, T3)"
0.0,896,1,896.0,896.0,896,896,0.0,"void at::native::vectorized_elementwise_kernel<(int)4, at::native::AUnaryFunctor<float, float, float, at::native::binary_internal::MulFunctor<float>>, std::array<char *, (unsigned long)2>>(int, T2, T3)"
0.0,896,1,896.0,896.0,896,896,0.0,"void at::native::vectorized_elementwise_kernel<(int)4, at::native::BUnaryFunctor<float, float, float, at::native::binary_internal::MulFunctor<float>>, std::array<char *, (unsigned long)2>>(int, T2, T3)"
